{"_type":"export","__export_format":4,"__export_date":"2019-12-04T22:07:24.709Z","__export_source":"insomnia.desktop.app:v7.0.3","resources":[{"_id":"req_5d69eedad08f43279c878f4c7ee4c5d3","authentication":{},"body":{},"created":1575484597175,"description":"","headers":[],"isPrivate":false,"metaSortKey":-1575484597175,"method":"GET","modified":1575496170060,"name":"List","parameters":[{"id":"pair_a5fe06aad849433ba967ff2d0c141aa5","name":"nome","value":"Tatá"}],"parentId":"fld_9ed9a3abbb2e47e38d1400d328747be6","settingDisableRenderRequestBody":false,"settingEncodeUrl":true,"settingRebuildPath":true,"settingSendCookies":true,"settingStoreCookies":true,"url":"http://localhost:3000/customers/","_type":"request"},{"_id":"fld_9ed9a3abbb2e47e38d1400d328747be6","created":1575494836101,"description":"","environment":{},"environmentPropertyOrder":null,"metaSortKey":-1575494836101,"modified":1575494836101,"name":"Customers","parentId":"wrk_050c1d000aa24b1cba0229582d011cd3","_type":"request_group"},{"_id":"wrk_050c1d000aa24b1cba0229582d011cd3","created":1570651953460,"description":"","modified":1575494899521,"name":"CRUD","parentId":null,"_type":"workspace"},{"_id":"req_3f5cb512552349c5a47183c085a35bb3","authentication":{},"body":{},"created":1575495155421,"description":"","headers":[],"isPrivate":false,"metaSortKey":-1575484597150,"method":"GET","modified":1575497071651,"name":"Show","parameters":[{"id":"pair_a5fe06aad849433ba967ff2d0c141aa5","name":"nome","value":"Tatá"}],"parentId":"fld_9ed9a3abbb2e47e38d1400d328747be6","settingDisableRenderRequestBody":false,"settingEncodeUrl":true,"settingRebuildPath":true,"settingSendCookies":true,"settingStoreCookies":true,"url":"http://localhost:3000/customers/3","_type":"request"},{"_id":"req_c8cea6c98d384e72a88f28a39617ee1b","authentication":{},"body":{"mimeType":"application/json","text":"{ \n\t\"name\": \"Postman\", \n\t\"site\":  \"http://postman.com\"\n}"},"created":1575494850092,"description":"","headers":[{"id":"pair_aa52195375e64de7af392d10f7e4f9da","name":"Content-Type","value":"application/json"}],"isPrivate":false,"metaSortKey":-1575484597125,"method":"POST","modified":1575494923606,"name":"Create","parameters":[{"id":"pair_a5fe06aad849433ba967ff2d0c141aa5","name":"nome","value":"Tatá"}],"parentId":"fld_9ed9a3abbb2e47e38d1400d328747be6","settingDisableRenderRequestBody":false,"settingEncodeUrl":true,"settingRebuildPath":true,"settingSendCookies":true,"settingStoreCookies":true,"url":"http://localhost:3000/customers/","_type":"request"},{"_id":"req_df50341eee2e421db999e651b50335e4","authentication":{},"body":{"mimeType":"application/json","text":"{ \n\t\"name\": \"New2\", \n\t\"site\":  \"http://new.com\"\n}"},"created":1575495484238,"description":"","headers":[{"id":"pair_aa52195375e64de7af392d10f7e4f9da","name":"Content-Type","value":"application/json"}],"isPrivate":false,"metaSortKey":-1575484597075,"method":"PUT","modified":1575496579257,"name":"Update","parameters":[{"id":"pair_a5fe06aad849433ba967ff2d0c141aa5","name":"nome","value":"Tatá"}],"parentId":"fld_9ed9a3abbb2e47e38d1400d328747be6","settingDisableRenderRequestBody":false,"settingEncodeUrl":true,"settingRebuildPath":true,"settingSendCookies":true,"settingStoreCookies":true,"url":"http://localhost:3000/customers/1","_type":"request"},{"_id":"req_2341f21de0b24f8799b679cde3c95dfa","authentication":{},"body":{},"created":1575496666544,"description":"","headers":[],"isPrivate":false,"metaSortKey":-1575484597025,"method":"DELETE","modified":1575497092409,"name":"Delete","parameters":[{"id":"pair_a5fe06aad849433ba967ff2d0c141aa5","name":"nome","value":"Tatá"}],"parentId":"fld_9ed9a3abbb2e47e38d1400d328747be6","settingDisableRenderRequestBody":false,"settingEncodeUrl":true,"settingRebuildPath":true,"settingSendCookies":true,"settingStoreCookies":true,"url":"http://localhost:3000/customers/1","_type":"request"},{"_id":"env_17d5f7177a654a6cc8c1a8082ab67f172607673a","color":null,"created":1570651953497,"data":{},"dataPropertyOrder":null,"isPrivate":false,"metaSortKey":1570651953497,"modified":1570651953497,"name":"Base Environment","parentId":"wrk_050c1d000aa24b1cba0229582d011cd3","_type":"environment"},{"_id":"jar_17d5f7177a654a6cc8c1a8082ab67f172607673a","cookies":[],"created":1570651953500,"modified":1570651953500,"name":"Default Jar","parentId":"wrk_050c1d000aa24b1cba0229582d011cd3","_type":"cookie_jar"}]}